titre;guid;duree_s;etat;collection
Etirement pyramidale;f40ae853-efae-4316-b1f7-fc1857e0ac03;1542;4;60335075-99dd-4516-8ef4-6b0424a4b91e
Hundred : Initiation;2e58a4cd-5dc1-4f2f-a032-135af9094a06;485;4;0d74e807-1eff-4740-9b1b-49a0edab8d9b
Le dos expliqué.MP4;02edcbb8-ca7c-4b58-8e64-719ad457bf92;143;4;8c032def-442d-49da-82f7-76421306d3a0
Mobilisation de hanche I;7cdb02b6-dad1-4619-af2e-c3d7790a49d1;427;4;60335075-99dd-4516-8ef4-6b0424a4b91e
Mobilisation de hanche II;d88fef23-062d-41b2-8e30-bdaae423abde;496;4;60335075-99dd-4516-8ef4-6b0424a4b91e
Mobilité & Pilates I;4f25c4bc-1914-4ea5-8ebd-66d278dded97;881;4;60335075-99dd-4516-8ef4-6b0424a4b91e
Pourquoi le dos souffre.MP4;7494838a-4ca1-4066-be77-5fff62b0ae1a;151;4;8c032def-442d-49da-82f7-76421306d3a0
Profondeur de hanche;9b765dd0-b947-48dc-8b77-371a60c07e18;797;4;60335075-99dd-4516-8ef4-6b0424a4b91e
Réveil hormonal.mp4;f8028b90-35cd-4b62-804b-89c9e5ccb2de;611;4;fb4bcc0a-e79c-44fd-83f5-142b2f9ec0df
Roll up Conscient;99e5a072-174c-48e5-a3bb-2a1ea80fca6c;586;4;0d74e807-1eff-4740-9b1b-49a0edab8d9b
Single Leg Circle;40f6eb5f-7976-476e-9fb2-db73f6d7914c;497;4;0d74e807-1eff-4740-9b1b-49a0edab8d9b
Squat conscient;bc784f99-0a0a-4b01-89ca-fad03e72dd8e;932;4;60335075-99dd-4516-8ef4-6b0424a4b91e
